"First Name","Last Name","Email Address","Occupation","New1","New2","New3"
"Henry","Goliath","nyasalamdi@gmail.com","Soldier","","","eee"
"John","Davies","rhodesia@apole.com","Driver","","","eee"
"Stanley","Mica","southern@google.com","Teacher","","","eee"
"Grace","LINOS","bbb","Nunny","","ddd","eee"
"edina","Lillian","zambezi@yandex.ru","Nurse","","","eee"
"Silas","Button","zimbaze@yandex.ru","Driver","","","eee"
"Presly","PRESLY","kalomo@yandex.ru","Teacher","","","eee"
"Ruth","Beauty","monze@yahoo.com","Unknown","","","eee"
"Philllip","PRESLY","lusaka@gmailcom","Teacher","","","eee"
"Authur","LINOS","pemba@gmail.com","Infant","","","eee"
